pattern,category,priority,description
chrome,🔴 Navegadores,high,Navegador de Google. Alto consumo de RAM.
firefox,🔴 Navegadores,high,Navegador libre.
msedge,🔴 Navegadores,high,Navegador de Microsoft.
discord,🟡 Chat y Comunicación,low,Cliente de voz y texto.
steam,🟢 Launchers Gaming,none,Plataforma de Valve.
spotify,🟡 Media y Streaming,medium,Reproductor de música.
obs32,🟡 Media y Streaming,medium,Software de streaming y grabación.
obs64,🟡 Media y Streaming,medium,Software de streaming y grabación.
nextcloud,🔴 Sincronización,high,Sincronizador en la nube.
svchost,⚫ Sistema de Windows,none,Proceso principal de servicios Windows.
explorer,⚫ Sistema de Windows,none,Explorador de archivos de Windows.
icue,🟢 Overlays e Info,none,Software de periféricos Corsair (Mantener por perfiles).
razer,🟢 Overlays e Info,none,Software de periféricos Razer.
slack,🟡 Chat y Comunicación,low,App de mensajería empresarial.
teams,🟡 Chat y Comunicación,low,App de comunicación de Microsoft.
onedrive,🔴 Sincronización,high,Sincronizador de nube Microsoft.
dropbox,🔴 Sincronización,high,Sincronizador de nube.
epicgameslauncher,🟢 Launchers Gaming,none,Launcher de Epic Games.
lghub,🟢 Overlays e Info,none,Software de Logitech G HUB (Perfiles y Macros).
googledrivefs,🔴 Sincronización,high,Sincronizador de nube de Google.
megasync,🔴 Sincronización,high,Cliente de sincronización de MEGA.
rslsync,🔴 Sincronización,high,Cliente P2P Resilio Sync.
syncthing,🔴 Sincronización,high,Sincronizador de archivos P2P libre.
icloud,🔴 Sincronización,high,Sincronizador en la nube de Apple.
